species,IUCN,proba
Dermatopsis-multiradiatus,Thr,71.0
Encheliophis-boraborensis,NThr,99.5
Fusigobius-gracilis,NThr,95.5
Neosynchiropus-ocellatus,NThr,100.0
Synchiropus-kiyoae,NThr,80.5
Abalistes-stellatus,NThr,57.5
Ablabys-macracanthus,NThr,79.0
Ablabys-taenianotus,NThr,81.5
Abudefduf-margariteus,NThr,70.0
Acanthoplesiops-hiatti,NThr,75.0
Aeoliscus-strigatus,NThr,92.0
Aioliops-megastigma,Thr,97.5
Aioliops-tetrophthalmus,Thr,100.0
Alionematichthys-piger,NThr,56.0
Alionematichthys-riukiuensis,NThr,52.5
Amblyeleotris-aurora,NThr,93.0
Amblyeleotris-diagonalis,NThr,97.0
Amblyeleotris-fasciata,NThr,95.0
Amblyeleotris-fontanesii,NThr,84.5
Amblyeleotris-guttata,NThr,96.0
Amblyeleotris-gymnocephala,NThr,96.0
Amblyeleotris-novaecaledoniae,NThr,65.5
Amblyeleotris-periophthalma,NThr,97.0
Amblyeleotris-randalli,NThr,96.0
Amblyeleotris-steinitzi,NThr,94.5
Amblyeleotris-yanoi,NThr,87.5
Amblygobius-albimaculatus,NThr,86.5
Amblygobius-decussatus,NThr,93.5
Amblygobius-esakiae,NThr,86.5
Amblygobius-linki,NThr,85.0
Amblygobius-nocturnus,NThr,95.0
Amblygobius-phalaena,NThr,97.0
Amblygobius-semicinctus,NThr,81.5
Amphichaetodon-melbae,NThr,84.0
Amphiprion-chrysogaster,Thr,54.0
Amphiprion-chrysopterus,NThr,79.5
Amphiprion-clarkii,NThr,78.5
Amphiprion-latezonatus,NThr,72.0
Amphiprion-latifasciatus,Thr,61.5
Amphiprion-leucokranos,NThr,65.5
Amphiprion-mccullochi,NThr,52.0
Amphiprion-nigripes,NThr,68.5
Amphiprion-ocellaris,NThr,84.0
Amphiprion-sebae,NThr,79.5
Anampses-caeruleopunctatus,NThr,96.0
Anampses-lineatus,NThr,94.5
Anaora-tentaculata,NThr,97.0
Anisochromis-straussi,NThr,78.0
Anisotremus-surinamensis,Thr,66.0
Anomalops-katoptron,NThr,70.5
Antennarius-commerson,NThr,93.0
Antennarius-maculatus,NThr,98.5
Antennarius-pictus,NThr,78.5
Antennarius-randalli,NThr,93.0
Antennatus-tuberosus,NThr,97.5
Anthias-menezesi,NThr,74.5
Anthias-noeli,NThr,60.0
Aplodactylus-arctidens,Thr,89.5
Aplodactylus-etheridgii,Thr,90.0
Apogon-amboinensis,NThr,91.0
Apogon-bryx,NThr,93.5
Apogon-capricornis,NThr,65.5
Apogon-carinatus,NThr,81.5
Apogon-catalai,NThr,65.0
Apogon-caudicinctus,NThr,95.5
Apogon-cheni,Thr,94.5
Apogon-coccineus,NThr,100.0
Apogon-crassiceps,NThr,99.0
Apogon-dianthus,NThr,95.0
Apogon-diversus,NThr,60.5
Apogon-doederleini,NThr,87.5
Apogon-doryssa,NThr,84.0
Apogon-ellioti,NThr,99.5
Apogon-erythrinus,NThr,97.0
Apogon-flavus,Thr,66.5
Apogon-fukuii,Thr,88.0
Apogon-imberbis,Thr,86.5
Apogon-multitaeniatus,Thr,65.5
Apogon-nitidus,NThr,72.5
Apogon-norfolcensis,Thr,71.0
Apogon-novaeguineae,Thr,71.0
Apogon-pallidofasciatus,NThr,73.0
Apogon-posterofasciatus,NThr,85.5
Apogon-pselion,NThr,52.0
Apogon-semilineatus,NThr,59.5
Apogon-semiornatus,NThr,98.5
Apogon-septemstriatus,NThr,90.5
Apogon-striatodes,Thr,73.0
Apogon-striatus,NThr,65.5
Apogon-truncatus,NThr,97.0
Apogon-unicolor,NThr,94.5
Apogon-victoriae,Thr,90.0
Apogonichthyoides-nigripinnis,NThr,99.5
Apogonichthys-perdix,NThr,99.5
Apolemichthys-guezei,NThr,56.0
Archamia-bleekeri,NThr,98.0
Archamia-leai,Thr,68.5
Aseraggodes-auroculus,NThr,75.0
Aseraggodes-heemstrai,NThr,71.0
Aseraggodes-winterbottomi,NThr,66.5
Assessor-flavissimus,NThr,86.5
Assessor-macneilli,NThr,88.0
Assiculus-punctatus,NThr,57.0
Asterropteryx-atripes,NThr,75.0
Asterropteryx-bipunctata,NThr,92.0
Asterropteryx-semipunctata,NThr,100.0
Asterropteryx-striata,NThr,94.5
Astrapogon-stellatus,NThr,99.0
Atherinomorus-lacunosus,Thr,77.5
Balistapus-undulatus,NThr,100.0
Balistoides-viridescens,NThr,93.0
Belonepterygion-fasciolatum,NThr,81.5
Bodianus-izuensis,NThr,100.0
Brachysomophis-cirrocheilos,NThr,64.5
Brachysomophis-crocodilinus,NThr,76.0
Brosmophyciops-pautzkei,NThr,80.0
Brotula-multibarbata,NThr,80.5
Bryaninops-natans,NThr,100.0
Callanthias-allporti,Thr,85.0
Callanthias-australis,Thr,62.5
Callechelys-catostoma,NThr,85.5
Callechelys-marmorata,NThr,85.0
Callionymus-delicatulus,NThr,100.0
Callionymus-enneactis,NThr,98.5
Callionymus-simplicicornis,NThr,98.0
Callogobius-bifasciatus,NThr,100.0
Callogobius-hasseltii,NThr,100.0
Callogobius-hastatus,NThr,96.0
Callogobius-maculipinnis,NThr,100.0
Callogobius-okinawae,NThr,100.0
Callogobius-plumatus,NThr,98.0
Callogobius-sclateri,NThr,100.0
Callogobius-snelliusi,NThr,97.5
Calloplesiops-altivelis,NThr,78.0
Carapus-mourlani,NThr,100.0
Carcharhinus-altimus,Thr,100.0
Catesbya-pseudomuraena,Thr,99.5
Centropogon-australis,Thr,53.0
Cephaloscyllium-fasciatum,Thr,79.0
Cephaloscyllium-umbratile,Thr,95.0
Cercamia-cladara,NThr,88.0
Cercamia-eremia,NThr,100.0
Chaetodon-bennetti,NThr,100.0
Chaetodon-ocellicaudus,NThr,100.0
Chaetodon-reticulatus,NThr,100.0
Cheilodactylus-fuscus,Thr,100.0
Cheilodactylus-nigripes,Thr,85.5
Cheilodactylus-vittatus,Thr,81.0
Cheilodipterus-arabicus,NThr,71.0
Cheilodipterus-artus,NThr,82.5
Cheilodipterus-intermedius,NThr,67.0
Cheilodipterus-isostigmus,NThr,100.0
Cheilodipterus-macrodon,NThr,93.0
Cheilodipterus-quinquelineatus,NThr,87.5
Cheilodipterus-zonatus,NThr,81.0
Cheilopogon-suttoni,NThr,64.0
Cheiloprion-labiatus,NThr,100.0
Cheimerius-nufar,NThr,68.5
Chirodactylus-brachydactylus,Thr,85.5
Chironemus-marmoratus,Thr,78.0
Choerodon-azurio,Thr,97.0
Chromis-abyssicola,NThr,95.0
Chromis-acares,NThr,100.0
Chromis-agilis,NThr,100.0
Chromis-atripectoralis,NThr,100.0
Chromis-bami,NThr,100.0
Chromis-chrysura,NThr,100.0
Chromis-flavaxilla,NThr,100.0
Chromis-flavomaculata,NThr,100.0
Chromis-hanui,NThr,100.0
Chromis-iomelas,NThr,100.0
Chromis-jubauna,NThr,100.0
Chromis-klunzingeri,NThr,99.0
Chromis-lepidolepis,NThr,100.0
Chromis-leucura,NThr,100.0
Chromis-lineata,NThr,100.0
Chromis-margaritifer,NThr,100.0
Chromis-mirationis,NThr,98.5
Chromis-nigroanalis,NThr,100.0
Chromis-nigrura,NThr,100.0
Chromis-nitida,NThr,100.0
Chromis-notata,NThr,100.0
Chromis-okamurai,NThr,100.0
Chromis-opercularis,NThr,100.0
Chromis-ovalis,NThr,97.5
Chromis-pelloura,NThr,100.0
Chromis-retrofasciata,NThr,100.0
Chromis-scotochiloptera,NThr,100.0
Chromis-ternatensis,NThr,100.0
Chromis-vanderbilti,NThr,100.0
Chromis-verater,NThr,99.5
Chromis-viridis,NThr,100.0
Chromis-weberi,NThr,100.0
Chromis-westaustralis,NThr,81.0
Chromis-xanthochira,NThr,100.0
Chromis-xanthopterygia,NThr,100.0
Chromis-xanthura,NThr,100.0
Chromis-xutha,NThr,100.0
Chrysiptera-annulata,NThr,97.0
Chrysiptera-biocellata,NThr,100.0
Chrysiptera-brownriggii,NThr,100.0
Chrysiptera-caeruleolineata,NThr,100.0
Chrysiptera-cyanea,NThr,100.0
Chrysiptera-galba,NThr,100.0
Chrysiptera-glauca,NThr,100.0
Chrysiptera-hemicyanea,NThr,100.0
Chrysiptera-notialis,NThr,100.0
Chrysiptera-oxycephala,NThr,100.0
Chrysiptera-parasema,NThr,100.0
Chrysiptera-rex,NThr,100.0
Chrysiptera-rollandi,NThr,100.0
Chrysiptera-sinclairi,NThr,100.0
Chrysiptera-starcki,NThr,100.0
Chrysiptera-talboti,NThr,100.0
Chrysiptera-taupou,NThr,94.5
Chrysiptera-traceyi,NThr,100.0
Chrysiptera-tricincta,NThr,100.0
Cirrhilabrus-balteatus,NThr,71.0
Cirrhilabrus-cyanopleura,NThr,99.5
Cirrhilabrus-exquisitus,NThr,100.0
Cirrhilabrus-solorensis,NThr,99.0
Cirrhilabrus-temminckii,NThr,70.5
Cirrhitichthys-aureus,NThr,91.0
Cirrhitichthys-calliurus,Thr,59.5
Cirrhitichthys-guichenoti,Thr,75.0
Clarkichthys-bilineatus,NThr,88.5
Cleidopus-gloriamaris,Thr,85.0
Cocotropus-larvatus,NThr,85.5
Coris-nigrotaenia,Thr,65.5
Creedia-partimsquamigera,Thr,59.5
Cromileptes-altivelis,NThr,100.0
Cryptocentroides-insignis,NThr,81.5
Cryptocentrus-albidorsus,NThr,75.0
Cryptocentrus-cinctus,NThr,83.0
Cryptocentrus-fasciatus,NThr,86.0
Cryptocentrus-inexplicatus,NThr,83.0
Cryptocentrus-leptocephalus,NThr,87.5
Cryptocentrus-leucostictus,NThr,75.0
Cryptocentrus-nigrocellatus,NThr,85.5
Ctenogobiops-pomastictus,NThr,91.0
Ctenogobiops-tangaroai,Thr,60.5
Cyclichthys-orbicularis,NThr,99.0
Cymbacephalus-bosschei,NThr,99.5
Dactylophora-nigricans,Thr,91.0
Dactylopus-dactylopus,NThr,99.5
Dascyllus-albisella,NThr,100.0
Dascyllus-aruanus,NThr,97.5
Dascyllus-auripinnis,NThr,97.5
Dascyllus-carneus,NThr,99.5
Dascyllus-flavicaudus,NThr,100.0
Dascyllus-marginatus,NThr,100.0
Dascyllus-melanurus,NThr,100.0
Dascyllus-reticulatus,NThr,99.5
Dascyllus-trimaculatus,NThr,100.0
Dasyatis-americana,Thr,96.0
Dermatolepis-inermis,NThr,53.5
Dermatopsis-macrodon,NThr,54.0
Diagramma-pictum,NThr,99.5
Diancistrus-alleni,NThr,98.5
Diancistrus-altidorsalis,NThr,92.5
Diancistrus-beateae,NThr,85.5
Diancistrus-brevirostris,Thr,77.0
Diancistrus-erythraeus,NThr,70.5
Diancistrus-fijiensis,Thr,91.0
Diancistrus-fuscus,NThr,67.5
Diancistrus-longifilis,NThr,51.5
Diancistrus-machidai,NThr,68.5
Diancistrus-pohnpeiensis,Thr,88.5
Diancistrus-tongaensis,NThr,50.5
Dicotylichthys-punctulatus,Thr,66.0
Dinematichthys-iluocoeteoides,NThr,82.5
Dinoperca-petersi,Thr,68.5
Diodon-liturosus,NThr,100.0
Diodon-nicthemerus,NThr,79.5
Diplogrammus-goramensis,NThr,100.0
Dipulus-caecus,Thr,99.5
Dipulus-norfolkanus,Thr,94.5
Dischistodus-chrysopoecilus,NThr,80.0
Dischistodus-fasciatus,NThr,84.0
Dischistodus-melanotus,NThr,86.0
Dischistodus-prosopotaenia,NThr,92.5
Dischistodus-pseudochrysopoecilus,NThr,78.0
Drepane-longimana,NThr,83.5
Drepane-punctata,Thr,52.0
Dunckerocampus-dactyliophorus,NThr,100.0
Echidna-delicatula,NThr,64.5
Echinophryne-reynoldsi,NThr,63.5
Elacatinus-figaro,Thr,56.5
Encheliophis-gracilis,NThr,100.0
Encheliophis-homei,NThr,100.0
Encheliophis-vermicularis,NThr,93.0
Enchelynassa-canina,Thr,88.0
Encrasicholina-devisi,NThr,100.0
Enoplosus-armatus,Thr,74.5
Ephippus-orbis,NThr,100.0
Epinephelus-awoara,Thr,50.0
Epinephelus-bruneus,Thr,90.0
Epinephelus-lanceolatus,Thr,91.5
Epinephelus-posteli,Thr,100.0
Epinephelus-quinquefasciatus,Thr,95.0
Epinephelus-tauvina,Thr,100.0
Eviota-albolineata,NThr,80.5
Eviota-epiphanes,NThr,50.5
Eviota-herrei,NThr,92.5
Eviota-nigriventris,NThr,94.5
Eviota-susanae,Thr,98.5
Evistias-acutirostris,Thr,97.5
Exyrias-akihito,NThr,100.0
Feia-dabra,Thr,94.0
Foa-brachygramma,NThr,100.0
Foa-fo,NThr,100.0
Fowleria-aurita,NThr,98.5
Fowleria-flammea,NThr,99.0
Fowleria-isostigma,NThr,100.0
Fowleria-marmorata,NThr,100.0
Fowleria-punctulata,NThr,95.5
Fowleria-vaiulae,NThr,100.0
Fusigobius-aureus,NThr,84.5
Fusigobius-signipinnis,NThr,93.0
Gladiogobius-ensifer,NThr,89.5
Glaucosoma-hebraicum,Thr,96.0
Glyptauchen-panduratus,NThr,74.0
Gobiodon-acicularis,NThr,60.5
Gobiodon-axillaris,NThr,88.5
Gobiodon-brochus,NThr,84.5
Gobiodon-ceramensis,NThr,87.0
Gobiodon-citrinus,NThr,100.0
Gobiodon-multilineatus,NThr,100.0
Gobiodon-okinawae,NThr,94.0
Gobiodon-prolixus,NThr,93.5
Gobiodon-quinquestrigatus,NThr,100.0
Gobiodon-rivulatus,NThr,100.0
Gobiopsis-angustifrons,NThr,95.5
Gobiopsis-aporia,NThr,94.0
Gobiopsis-bravoi,NThr,65.0
Gobiopsis-woodsi,NThr,50.5
Gramma-brasiliensis,NThr,79.0
Gymnapogon-philippinus,NThr,98.5
Gymnothorax-hansi,Thr,97.5
Gymnothorax-punctatofasciatus,NThr,77.0
Gymnothorax-reevesii,Thr,91.0
Haemulon-album,NThr,67.5
Halichoeres-brasiliensis,NThr,82.5
Halichoeres-pelicieri,NThr,66.5
Halichoeres-signifer,Thr,100.0
Haliophis-guttatus,Thr,60.0
Halophryne-diemensis,NThr,54.5
Hemiglyphidodon-plagiometopon,NThr,70.0
Hemiramphus-far,NThr,99.5
Heterodontus-quoyi,Thr,100.0
Hippocampus-denise,Thr,75.0
Hippocampus-queenslandicus,Thr,95.0
Histiophryne-bougainvilli,NThr,92.5
Histiophryne-cryptacanthus,NThr,98.5
Histiopterus-typus,NThr,60.5
Hoplolatilus-cuniculus,NThr,100.0
Hoplolatilus-fronticinctus,NThr,100.0
Hoplolatilus-marcosi,NThr,100.0
Hoplolatilus-pohle,NThr,60.5
Hoplolatilus-starcki,NThr,100.0
Hypoatherina-barnesi,NThr,99.0
Hypoatherina-ovalaua,NThr,93.0
Hypoatherina-temminckii,NThr,95.5
Hypoplectrodes-maccullochi,Thr,95.0
Hyporhamphus-affinis,NThr,89.0
Hyporhamphus-dussumieri,NThr,89.5
Ichthyapus-vulturis,NThr,69.5
Inimicus-didactylus,Thr,61.5
Istigobius-goldmanni,NThr,100.0
Kaupichthys-atronasus,NThr,100.0
Kaupichthys-diodontus,NThr,100.0
Kyphosus-incisor,NThr,75.5
Labracinus-cyclophthalmus,NThr,91.5
Labracinus-lineatus,NThr,52.5
Lactoria-cornuta,NThr,99.5
Lactoria-diaphana,NThr,100.0
Lactoria-fornasini,NThr,100.0
Lappanella-guineensis,Thr,84.5
Larabicus-quadrilineatus,Thr,50.0
Leiuranus-semicinctus,NThr,100.0
Lepidozygus-tapeinosoma,NThr,94.5
Liopropoma-longilepis,Thr,51.5
Lophiocharon-trisignatus,NThr,92.0
Lotilia-graciliosa,NThr,100.0
Lutjanus-buccanella,NThr,50.5
Lutjanus-goreensis,NThr,59.5
Lutjanus-jocu,Thr,94.5
Luzonichthys-microlepis,Thr,60.0
Lythrypnus-brasiliensis,NThr,84.5
Lythrypnus-rhizophora,NThr,94.5
Malacanthus-brevirostris,NThr,67.0
Malacanthus-latovittatus,NThr,100.0
Mecaenichthys-immaculatus,Thr,80.5
Meiacanthus-phaeus,Thr,67.5
Melichthys-indicus,NThr,96.5
Melichthys-vidua,NThr,94.0
Mene-maculata,NThr,96.0
Microbrotula-bentleyi,Thr,53.5
Monocentris-japonica,NThr,100.0
Moolgarda-seheli,NThr,82.0
Moringua-ferruginea,Thr,59.5
Moringua-javanica,Thr,54.5
Moringua-microchir,NThr,100.0
Muraenichthys-schultzei,NThr,99.0
Mycteroperca-phenax,Thr,100.0
Mycteroperca-prionura,Thr,95.0
Mycteroperca-tigris,Thr,100.0
Myliobatis-australis,Thr,100.0
Myoxocephalus-stelleri,Thr,83.0
Myrichthys-colubrinus,NThr,63.5
Myrichthys-maculosus,NThr,72.0
Myripristis-tiki,NThr,55.5
Myripristis-xanthacra,Thr,55.0
Myxus-elongatus,NThr,89.0
Narcine-brasiliensis,Thr,76.5
Naso-reticulatus,NThr,73.0
Neatypus-obliquus,Thr,54.0
Nectamia-luxuria,NThr,99.0
Nectamia-savayensis,NThr,97.0
Neoglyphidodon-carlsoni,Thr,91.0
Neoglyphidodon-crossi,Thr,56.0
Neoglyphidodon-melas,NThr,94.5
Neoglyphidodon-nigroris,NThr,83.5
Neoglyphidodon-oxyodon,NThr,77.5
Neoglyphidodon-polyacanthus,NThr,92.0
Neoglyphidodon-thoracotaeniatus,NThr,99.0
Neopomacentrus-anabatoides,NThr,100.0
Neopomacentrus-azysron,NThr,100.0
Neopomacentrus-cyanomos,NThr,100.0
Neopomacentrus-filamentosus,NThr,100.0
Neopomacentrus-fuliginosus,NThr,65.0
Neopomacentrus-metallicus,NThr,95.5
Neopomacentrus-miryae,NThr,75.5
Neopomacentrus-nemurus,NThr,63.5
Neopomacentrus-sindensis,NThr,63.5
Neopomacentrus-sororius,NThr,96.5
Neopomacentrus-violascens,NThr,100.0
Neopomacentrus-xanthurus,NThr,72.0
Neosebastes-bougainvillii,NThr,78.5
Neosebastes-entaxis,NThr,87.5
Neosebastes-incisipinnis,NThr,63.0
Neosebastes-nigropunctatus,NThr,55.5
Neosebastes-pandus,Thr,72.5
Neosebastes-scorpaenoides,NThr,93.0
Neotrygon-kuhlii,Thr,90.5
Ocyurus-chrysurus,Thr,86.5
Odonus-niger,NThr,95.0
Oedalechilus-labiosus,NThr,89.5
Ogilbichthys-tobagoensis,Thr,100.0
Ogilbyina-queenslandiae,NThr,75.0
Omox-biporos,NThr,96.5
Onuxodon-fowleri,NThr,100.0
Ophichthus-bonaparti,NThr,55.5
Ophichthus-cephalozona,Thr,60.5
Ophichthus-erabo,NThr,86.5
Opistognathus-dendriticus,NThr,63.5
Opistognathus-jacksoniensis,NThr,89.5
Opistognathus-rosenbergii,NThr,87.0
Oplegnathus-conwayi,Thr,99.0
Oplegnathus-fasciatus,Thr,79.5
Oplegnathus-insignis,Thr,75.5
Oplegnathus-punctatus,Thr,64.0
Oplegnathus-robinsoni,Thr,98.5
Oplopomops-diacanthus,NThr,100.0
Oplopomus-caninoides,NThr,100.0
Oplopomus-oplopomus,NThr,100.0
Optivus-agastos,NThr,58.0
Optivus-elongatus,Thr,97.0
Opua-nephodes,Thr,55.5
Orthopristis-forbesi,Thr,81.5
Ostichthys-acanthorhinus,NThr,100.0
Ostracion-cubicus,NThr,100.0
Ostracion-meleagris,NThr,100.0
Ostracion-rhinorhynchos,NThr,100.0
Ostracion-solorensis,NThr,100.0
Ostracion-trachys,Thr,99.0
Ostracion-whitleyi,NThr,85.5
Othos-dentex,Thr,96.0
Oxycheilinus-nigromarginatus,NThr,93.5
Oxymetopon-typus,NThr,100.0
Paracheilinus-carpenteri,NThr,100.0
Paralichthys-tropicus,NThr,86.5
Paramonacanthus-nipponensis,NThr,68.0
Parapercis-clathrata,NThr,100.0
Parapercis-cylindrica,NThr,86.5
Parapercis-haackei,NThr,92.0
Parapercis-hexophtalma,NThr,100.0
Parapercis-lineopunctata,NThr,100.0
Parapercis-maculata,NThr,92.5
Parapercis-maritzi,Thr,59.0
Parapercis-millepunctata,NThr,100.0
Parapercis-multiplicata,NThr,98.5
Parapercis-schauinslandii,NThr,100.0
Parapercis-snyderi,NThr,100.0
Parapercis-tetracantha,NThr,100.0
Paraplesiops-alisonae,Thr,60.0
Paraplesiops-bleekeri,NThr,63.5
Paraplesiops-meleagris,NThr,61.5
Paraplesiops-poweri,NThr,81.5
Paraplotosus-albilabris,NThr,52.0
Paraplotosus-butleri,Thr,57.5
Parapriacanthus-marei,NThr,52.0
Parapriacanthus-ransonneti,NThr,100.0
Pardachirus-marmoratus,NThr,98.5
Pareques-perissa,Thr,99.0
Parma-alboscapularis,NThr,89.0
Parma-mccullochi,NThr,89.0
Parma-microlepis,NThr,92.0
Parma-occidentalis,NThr,52.5
Parma-oligolepis,NThr,86.0
Parma-polylepis,NThr,98.5
Parma-unifasciata,Thr,53.5
Parupeneus-forsskali,NThr,99.0
Parupeneus-margaritatus,Thr,82.5
Parupeneus-rubescens,NThr,100.0
Parupeneus-trifasciatus,NThr,100.0
Pempheris-adusta,NThr,94.5
Pempheris-analis,NThr,79.5
Pempheris-compressa,Thr,66.0
Pempheris-oualensis,NThr,100.0
Pempheris-rapa,Thr,93.5
Pempheris-schwenkii,NThr,100.0
Pempheris-vanicolensis,NThr,100.0
Pentaceropsis-recurvirostris,Thr,83.0
Pentapodus-bifasciatus,NThr,99.5
Pentapodus-paradiseus,NThr,100.0
Pentapodus-porosus,NThr,100.0
Pentapodus-setosus,NThr,100.0
Phaenomonas-cooperae,Thr,76.5
Pholidichthys-leucotaenia,NThr,99.5
Photoblepharon-palpebratum,NThr,99.0
Phyllophichthus-xenodontus,NThr,100.0
Pictichromis-coralensis,NThr,97.5
Pisodonophis-cancrivorus,Thr,52.0
Platax-batavianus,NThr,92.5
Platax-boersii,NThr,96.0
Platax-pinnatus,NThr,96.5
Platycephalus-indicus,NThr,88.5
Plectorhinchus-albovittatus,NThr,95.0
Plectorhinchus-chaetodonoides,NThr,100.0
Plectorhinchus-chrysotaenia,NThr,95.0
Plectorhinchus-flavomaculatus,NThr,97.5
Plectorhinchus-lessonii,NThr,100.0
Plectorhinchus-lineatus,NThr,97.5
Plectorhinchus-picus,NThr,95.0
Plectorhinchus-schotaf,NThr,93.5
Plectranthias-wheeleri,NThr,100.0
Plectroglyphidodon-dickii,NThr,100.0
Plectroglyphidodon-imparipennis,NThr,100.0
Plectroglyphidodon-johnstonianus,NThr,100.0
Plectroglyphidodon-lacrymatus,NThr,100.0
Plectroglyphidodon-leucozonus,NThr,99.0
Plectroglyphidodon-phoenixensis,NThr,99.0
Plectroglyphidodon-randalli,Thr,100.0
Plectroglyphidodon-sindonis,Thr,88.0
Plesiops-auritus,NThr,97.5
Plesiops-cephalotaenia,NThr,100.0
Plesiops-coeruleolineatus,NThr,100.0
Plesiops-corallicola,NThr,100.0
Plesiops-gracilis,NThr,95.0
Plesiops-insularis,NThr,89.5
Plesiops-oxycephalus,NThr,100.0
Plesiops-polydactylus,NThr,98.0
Plesiops-thysanopterus,Thr,83.5
Plesiops-verecundus,NThr,100.0
Pleurosicya-boldinghi,NThr,100.0
Pleurosicya-carolinensis,NThr,73.0
Pleurosicya-elongata,NThr,100.0
Plotosus-lineatus,NThr,100.0
Polydactylus-sexfilis,NThr,88.5
Polylepion-cruentum,NThr,86.0
Polysteganus-coeruleopunctatus,NThr,67.0
Pomacentrus-adelus,NThr,100.0
Pomacentrus-albicaudatus,Thr,53.0
Pomacentrus-alexanderae,NThr,97.5
Pomacentrus-alleni,NThr,90.0
Pomacentrus-amboinensis,NThr,97.5
Pomacentrus-aquilus,NThr,95.5
Pomacentrus-arabicus,Thr,84.5
Pomacentrus-australis,Thr,50.5
Pomacentrus-azuremaculatus,NThr,94.0
Pomacentrus-baenschi,NThr,61.0
Pomacentrus-bankanensis,NThr,100.0
Pomacentrus-brachialis,NThr,100.0
Pomacentrus-burroughi,NThr,99.0
Pomacentrus-caeruleopunctatus,Thr,50.5
Pomacentrus-caeruleus,NThr,100.0
Pomacentrus-chrysurus,NThr,88.5
Pomacentrus-coelestis,NThr,100.0
Pomacentrus-emarginatus,Thr,72.0
Pomacentrus-grammorhynchus,NThr,92.5
Pomacentrus-imitator,NThr,97.5
Pomacentrus-indicus,NThr,62.5
Pomacentrus-lepidogenys,NThr,92.5
Pomacentrus-leptus,NThr,81.5
Pomacentrus-littoralis,NThr,99.0
Pomacentrus-melanochir,NThr,99.5
Pomacentrus-moluccensis,NThr,99.5
Pomacentrus-nagasakiensis,NThr,100.0
Pomacentrus-nigromanus,NThr,96.5
Pomacentrus-nigromarginatus,NThr,100.0
Pomacentrus-pavo,NThr,96.5
Pomacentrus-philippinus,NThr,100.0
Pomacentrus-pikei,Thr,72.5
Pomacentrus-reidi,NThr,97.5
Pomacentrus-rodriguesensis,Thr,94.0
Pomacentrus-similis,NThr,88.5
Pomacentrus-simsiang,NThr,100.0
Pomacentrus-stigma,NThr,53.5
Pomacentrus-sulfureus,NThr,75.5
Pomacentrus-taeniometopon,NThr,94.5
Pomacentrus-trilineatus,NThr,98.5
Pomacentrus-tripunctatus,NThr,96.5
Pomacentrus-vaiuli,NThr,100.0
Pomachromis-fuscidorsalis,NThr,84.0
Pomachromis-guamensis,Thr,71.5
Pomachromis-richardsoni,NThr,100.0
Pomadasys-kaakan,NThr,98.0
Poroderma-pantherinum,Thr,93.5
Premnas-biaculeatus,NThr,100.0
Priolepis-agrena,NThr,76.5
Priolepis-ailina,NThr,92.0
Priolepis-aureoviridis,NThr,91.0
Priolepis-boreus,NThr,88.5
Priolepis-cincta,NThr,100.0
Priolepis-eugenius,NThr,100.0
Priolepis-fallacincta,NThr,100.0
Priolepis-latifascima,NThr,87.0
Priolepis-limbatosquamis,Thr,77.0
Priolepis-nuchifasciata,NThr,100.0
Priolepis-pallidicincta,NThr,100.0
Priolepis-squamogena,NThr,92.0
Priolepis-triops,NThr,89.5
Priolepis-vexilla,NThr,94.0
Prionurus-scalprum,NThr,75.5
Pristiapogon-fraenatus,NThr,97.0
Pristotis-obtusirostris,NThr,100.0
Psammoperca-waigiensis,NThr,92.5
Pseudamia-amblyuroptera,NThr,95.5
Pseudamia-gelatinosa,NThr,99.0
Pseudamia-hayashii,NThr,98.5
Pseudamiops-gracilicauda,NThr,96.0
Pseudanthias-fasciatus,NThr,100.0
Pseudanthias-heemstrai,NThr,87.5
Pseudobalistes-flavimarginatus,NThr,98.0
Pseudobalistes-fuscus,NThr,80.0
Pseudochromis-elongatus,NThr,100.0
Pseudochromis-flammicauda,NThr,90.5
Pseudochromis-flavivertex,NThr,74.0
Pseudochromis-flavopunctatus,Thr,61.5
Pseudochromis-fridmani,NThr,89.0
Pseudochromis-kristinae,NThr,92.0
Pseudochromis-leucorhynchus,Thr,78.5
Pseudochromis-litus,NThr,91.5
Pseudochromis-luteus,NThr,97.5
Pseudochromis-melas,NThr,69.0
Pseudochromis-moorei,Thr,68.0
Pseudochromis-nigrovittatus,NThr,82.0
Pseudochromis-olivaceus,NThr,99.5
Pseudochromis-persicus,Thr,61.0
Pseudochromis-pylei,NThr,100.0
Pseudochromis-quinquedentatus,NThr,97.5
Pseudochromis-ransonneti,NThr,99.5
Pseudochromis-striatus,NThr,78.5
Pseudochromis-tauberae,NThr,54.5
Pseudocoris-ocellata,NThr,88.5
Pseudojuloides-atavai,NThr,99.0
Pseudojuloides-cerasinus,NThr,100.0
Pseudojuloides-elongatus,NThr,75.0
Pseudophycis-breviuscula,NThr,97.0
Pseudoplesiops-immaculatus,NThr,100.0
Psilogobius-prolatus,NThr,84.5
Ptereleotris-microlepis,NThr,100.0
Pterocaesio-capricornis,NThr,67.5
Pterocaesio-randalli,NThr,96.0
Pycnomma-semisquamatum,NThr,55.0
Rhabdamia-cypselurus,NThr,93.0
Rhabdamia-gracilis,NThr,98.5
Rhinecanthus-aculeatus,NThr,99.0
Rhinecanthus-lunula,NThr,87.0
Rhinecanthus-rectangulus,NThr,98.0
Rhinecanthus-verrucosus,NThr,99.0
Rhycherus-filamentosus,NThr,88.0
Rhynchostracion-nasus,NThr,100.0
Samariscus-triocellatus,NThr,100.0
Sargocentron-inaequalis,NThr,100.0
Sargocentron-macrosquamis,NThr,100.0
Sargocentron-seychellense,NThr,90.5
Scaevius-milii,NThr,93.0
Scarus-coelestinus,NThr,100.0
Schismorhynchus-labialis,NThr,99.0
Schultzidia-johnstonensis,NThr,100.0
Schultzidia-retropinnis,NThr,100.0
Scolecenchelys-breviceps,Thr,55.0
Scolecenchelys-gymnota,NThr,100.0
Scolecenchelys-laticaudata,NThr,100.0
Scolecenchelys-macroptera,NThr,100.0
Scorpaenodes-scaber,NThr,100.0
Scorpaenopsis-cacopsis,Thr,56.5
Scorpaenopsis-furneauxi,NThr,89.5
Scorpis-lineolata,NThr,78.5
Sebastes-constellatus,Thr,95.0
Sebastes-emphaeus,Thr,60.0
Sebastes-flavidus,Thr,100.0
Sebastes-hopkinsi,Thr,88.0
Sebastes-miniatus,Thr,99.5
Sebastes-mystinus,Thr,90.0
Sebastes-nebulosus,Thr,99.5
Sebastes-nigrocinctus,Thr,100.0
Sebastes-ruberrimus,Thr,99.5
Sebastes-serranoides,Thr,93.5
Semicossyphus-darwini,Thr,55.5
Siganus-unimaculatus,NThr,98.5
Signigobius-biocellatus,NThr,100.0
Siokunichthys-breviceps,NThr,90.5
Siphamia-argentea,NThr,68.5
Siphamia-elongata,NThr,64.0
Siphamia-fistulosa,NThr,83.5
Siphamia-fuscolineata,NThr,88.0
Siphamia-jebbi,NThr,94.0
Siphamia-majimai,NThr,94.5
Siphamia-mossambica,NThr,82.0
Siphamia-tubifer,NThr,98.5
Sparisoma-axillare,NThr,94.0
Sparisoma-frondosum,NThr,97.0
Sphaeramia-nematoptera,NThr,94.0
Sphaeramia-orbicularis,NThr,91.5
Sphyraena-acutipinnis,NThr,95.0
Sphyraena-flavicauda,NThr,100.0
Sphyraena-forsteri,NThr,98.0
Sphyraena-helleri,NThr,80.0
Sphyraena-jello,NThr,80.5
Sphyraena-obtusata,NThr,100.0
Sphyraena-picudilla,NThr,88.5
Sphyraena-putnamae,NThr,93.5
Sphyraena-qenie,NThr,78.0
Stalix-dicra,NThr,52.5
Starksia-leucovitta,NThr,99.5
Starksia-sella,Thr,92.5
Starksia-variabilis,Thr,67.0
Steeneichthys-plesiopsus,NThr,100.0
Stegastes-albifasciatus,NThr,96.0
Stegastes-altus,NThr,82.0
Stegastes-fasciolatus,NThr,100.0
Stegastes-insularis,NThr,52.5
Stegastes-limbatus,NThr,63.0
Stegastes-nigricans,NThr,94.5
Stegastes-obreptus,NThr,96.0
Stegastes-pelicieri,NThr,52.5
Stegastes-rocasensis,Thr,100.0
Stenatherina-panatela,NThr,91.5
Stonogobiops-xanthorhinica,NThr,100.0
Strongylura-incisa,NThr,72.0
Strongylura-leiura,NThr,50.5
Strophidon-sathete,Thr,91.5
Sueviota-aprica,NThr,92.0
Sueviota-atrinasa,NThr,90.5
Sufflamen-albicaudatum,NThr,71.0
Sufflamen-bursa,NThr,98.5
Sufflamen-chrysopterum,NThr,95.5
Synanceia-alula,NThr,96.0
Synchiropus-circularis,NThr,74.5
Synchiropus-laddi,NThr,89.0
Synchiropus-morrisoni,NThr,99.5
Synchiropus-moyeri,NThr,93.0
Synchiropus-picturatus,NThr,93.0
Synchiropus-postulus,NThr,73.5
Synchiropus-rosulentus,Thr,74.5
Synchiropus-stellatus,NThr,99.0
Syngnathus-louisianae,Thr,60.5
Tetrosomus-concatenatus,NThr,100.0
Thalassoma-ascensionis,Thr,67.0
Thamnaconus-analis,NThr,76.5
Torpedo-fuscomaculata,Thr,87.0
Torpedo-marmorata,Thr,100.0
Trachichthys-australis,Thr,52.0
Trachinops-brauni,NThr,52.0
Tragulichthys-jaculiferus,NThr,75.0
Trimmatom-eviotops,NThr,96.0
Trimmatom-macropodus,NThr,89.0
Triodon-macropterus,NThr,95.5
Tryssogobius-colini,NThr,100.0
Upeneus-japonicus,NThr,100.0
Uranoscopus-bicinctus,NThr,98.5
Uranoscopus-sulphureus,NThr,94.5
Uropterygius-polystictus,Thr,99.5
Valenciennea-alleni,NThr,81.5
Valenciennea-decora,NThr,87.0
Valenciennea-immaculata,NThr,100.0
Valenciennea-longipinnis,NThr,97.0
Valenciennea-randalli,NThr,97.0
Valenciennea-strigata,NThr,100.0
Vincentia-punctata,NThr,75.0
Xanthichthys-auromarginatus,NThr,90.0
Xanthichthys-caeruleolineatus,NThr,77.0
Xanthichthys-lineopunctatus,NThr,71.5
Zabidius-novemaculeatus,NThr,56.0
Zapteryx-xyster,Thr,88.5
Zebrasoma-gemmatum,NThr,85.5
Zebrasoma-rostratum,NThr,96.0
Zebrias-zebra,NThr,99.0
Zoramia-fragilis,NThr,90.5
Zoramia-gilberti,NThr,92.5
Zoramia-leptacantha,NThr,97.0
Zoramia-perlita,NThr,92.0
Abalistes-filamentosus,Thr,63.5
Acanthemblemaria-harpeza,Thr,83.5
Acanthemblemaria-paula,Thr,84.5
Acanthistius-paxtoni,NThr,56.0
Acanthoclinus-marilynae,NThr,72.5
Acanthoclinus-matti,NThr,69.0
Acanthoclinus-rua,NThr,68.0
Acanthoplesiops-naka,Thr,66.0
Acanthurus-randalli,Thr,59.5
Acarobythites-larsonae,Thr,80.0
Agonomalus-mozinoi,Thr,98.0
Aioliops-novaeguineae,Thr,98.0
Alabes-elongata,Thr,64.5
Albula-argentea,Thr,88.5
Alticus-saliens,NThr,77.0
Amblyeleotris-biguttata,NThr,58.0
Amblyeleotris-callopareia,Thr,50.5
Amblyeleotris-ellipse,Thr,78.0
Amblyeleotris-latifasciata,NThr,84.5
Amblyeleotris-marquesas,Thr,80.0
Amblyeleotris-masuii,NThr,84.5
Amblyeleotris-neglecta,NThr,55.5
Amblyeleotris-neumanni,NThr,57.5
Amblyeleotris-rhyax,NThr,82.0
Amblyeleotris-stenotaeniata,Thr,65.5
Amblyglyphidodon-silolona,Thr,93.0
Amblygobius-stethophthalmus,NThr,86.5
Amioides-polyacanthus,NThr,56.0
Ammodytoides-idai,Thr,88.5
Amphiprion-barberi,Thr,71.5
Amphiprion-pacificus,Thr,60.5
Anarchias-euryurus,NThr,86.5
Antennarius-hispidus,NThr,78.5
Antennatus-coccineus,NThr,100.0
Antennatus-dorehensis,NThr,79.0
Antennatus-duescus,NThr,87.5
Antennatus-flagellatus,Thr,74.5
Antennatus-rosaceus,NThr,98.5
Apogon-kautamea,Thr,95.0
Apogon-marquesensis,Thr,98.5
Apogon-rubrifuscus,Thr,91.5
Apogon-seminigracaudus,Thr,57.5
Apogon-talboti,NThr,83.5
Apogonichthyoides-atripes,NThr,93.0
Apogonichthyoides-brevicaudatus,Thr,61.0
Apogonichthyoides-melas,NThr,70.0
Apogonichthyoides-sialis,NThr,95.0
Apogonichthyoides-taeniatus,NThr,100.0
Apogonichthyoides-timorensis,NThr,99.5
Apogonichthyoides-umbratilis,NThr,65.5
Apterichtus-australis,Thr,51.0
Apterichtus-keramanus,Thr,77.0
Apterygocampus-epinnulatus,NThr,75.5
Artedius-notospilotus,Thr,100.0
Astrabe-fasciata,Thr,68.0
Astrabe-flavimaculata,Thr,59.5
Astrabe-lactisella,Thr,64.0
Aulohalaelurus-kanakorum,Thr,81.5
Balistoides-conspicillum,NThr,99.0
Batrachomoeus-trispinosus,NThr,68.5
Beaglichthys-bleekeri,Thr,77.0
Beaglichthys-larsonae,Thr,68.5
Bhanotia-pauciradiata,NThr,51.0
Bidenichthys-consobrinus,Thr,99.0
Bodianus-neopercularis,NThr,85.0
Bodianus-paraleucosticticus,NThr,93.0
Bodianus-rubrisos,NThr,83.0
Bodianus-sepiacaudus,NThr,99.0
Bodianus-speciosus,NThr,54.5
Brachysomophis-henshawi,NThr,72.5
Brachysomophis-porphyreus,Thr,81.5
Brachysomophis-umbonis,NThr,52.5
Branchiostegus-gloerfelti,NThr,58.5
Bryaninops-nexus,NThr,100.0
Cabillus-atripelvicus,NThr,81.5
Cabillus-caudimacula,NThr,80.0
Callanthias-japonicus,Thr,70.5
Callionymus-flavus,Thr,95.5
Callogobius-dori,NThr,76.0
Calloplesiops-argus,NThr,59.5
Calumia-papuensis,Thr,78.5
Campichthys-tricarinatus,NThr,53.0
Cantherhines-cerinus,NThr,85.5
Cantherhines-longicaudus,NThr,84.0
Canthigaster-flavoreticulata,Thr,100.0
Carapus-sluiteri,Thr,97.5
Centriscus-cristatus,NThr,76.0
Chaenopsis-stephensi,Thr,98.5
Chaetodon-andamanensis,NThr,64.0
Chaetodontoplus-caeruleopunctatus,NThr,87.5
Cheilodactylus-ephippium,NThr,71.5
Cheilodactylus-francisi,Thr,65.5
Cheilodactylus-gibbosus,Thr,91.5
Cheilodactylus-plessisi,Thr,93.0
Cheilodactylus-spectabilis,Thr,99.5
Cheilodactylus-vestitus,NThr,55.0
Cheilodipterus-alleni,NThr,76.5
Cheilodipterus-nigrotaeniatus,NThr,79.5
Cheilodipterus-parazonatus,NThr,95.0
Chelon-subviridis,NThr,78.0
Chlidichthys-cacatuoides,NThr,97.5
Chlidichthys-randalli,NThr,83.0
Choeroichthys-latispinosus,NThr,63.0
Chromis-athena,NThr,100.0
Chromis-brevirostris,NThr,100.0
Chromis-monochroma,NThr,100.0
Chromis-onumai,NThr,96.0
Chromis-ovatiformes,NThr,100.0
Chromis-pamae,NThr,100.0
Chromis-pura,NThr,100.0
Chromis-trialpha,NThr,100.0
Chromis-xouthos,NThr,100.0
Chrysiptera-albata,NThr,78.5
Chrysiptera-arnazae,NThr,100.0
Chrysiptera-bleekeri,NThr,99.5
Chrysiptera-cymatilis,NThr,100.0
Chrysiptera-giti,NThr,99.5
Chrysiptera-kuiteri,NThr,100.0
Chrysiptera-niger,NThr,99.5
Chrysiptera-pricei,NThr,99.5
Chrysiptera-rapanui,NThr,99.5
Chrysiptera-springeri,NThr,100.0
Cirrhilabrus-brunneus,Thr,55.0
Cirrhilabrus-filamentosus,NThr,100.0
Cirrhilabrus-joanallenae,NThr,86.5
Cirrhilabrus-naokoae,NThr,71.0
Cirrhilabrus-rhomboidalis,NThr,97.5
Cirrhilabrus-rubrisquamis,NThr,84.0
Cirrhilabrus-tonozukai,NThr,97.0
Cirrhitichthys-randalli,Thr,99.5
Clidoderma-asperrimum,Thr,51.5
Cochleoceps-bicolor,Thr,73.5
Cocotropus-microps,Thr,98.5
Congrogadus-winterbottomi,NThr,87.0
Cryptocentrus-caeruleopunctatus,Thr,69.0
Cryptocentrus-cebuanus,Thr,94.5
Cryptocentrus-cyanotaenia,NThr,72.5
Cryptocentrus-shigensis,Thr,97.0
Crystallodytes-pauciradiatus,Thr,88.0
Ctenogobiops-tongaensis,Thr,99.5
Cyclichthys-spilostylus,NThr,98.5
Cypho-zaps,NThr,100.0
Dactylosurculus-gomoni,Thr,86.0
Dascyllus-strasburgi,NThr,53.5
Derilissus-nanus,Thr,97.5
Dermatopsis-greenfieldi,Thr,95.0
Dermatopsis-hoesei,Thr,89.5
Dermatopsis-joergennielseni,Thr,66.0
Diagramma-melanacrum,NThr,81.5
Diancistrus-alatus,Thr,98.5
Diancistrus-atollorum,Thr,68.0
Diancistrus-eremitus,Thr,69.0
Diancistrus-jackrandalli,Thr,89.5
Diancistrus-jeffjohnsoni,Thr,88.5
Diancistrus-katrineae,NThr,68.0
Diancistrus-leisi,Thr,59.5
Diancistrus-manciporus,Thr,97.0
Diancistrus-mcgroutheri,Thr,52.5
Diancistrus-niger,Thr,95.5
Diancistrus-robustus,Thr,96.5
Diancistrus-springeri,Thr,84.0
Dipulus-hutchinsi,Thr,66.5
Dischistodus-perspicillatus,NThr,83.5
Discotrema-zonatum,Thr,100.0
Doryrhamphus-aurolineatus,NThr,100.0
Dunckerocampus-chapmani,NThr,100.0
Echinogobius-hayashii,NThr,60.0
Echinophryne-crassispina,Thr,99.0
Echiodon-coheni,Thr,52.5
Elacatinus-phthirophagus,Thr,99.5
Elacatinus-pridisi,Thr,100.0
Ematops-randalli,NThr,67.0
Entosphenus-tridentatus,Thr,86.0
Eocallionymus-papilio,Thr,88.5
Epigonus-cavaticus,Thr,100.0
Eschmeyer-nexus,Thr,99.5
Esselenichthys-laurae,NThr,86.0
Eusurculus-pistillum,Thr,56.5
Eviota-ancora,Thr,74.0
Eviota-asymbasia,Thr,85.0
Eviota-dorsopurpurea,Thr,87.0
Eviota-hoesei,NThr,54.5
Eviota-indica,Thr,56.5
Eviota-karaspila,Thr,87.5
Eviota-masudai,NThr,81.0
Eviota-natalis,Thr,100.0
Eviota-raja,Thr,73.0
Eviota-randalli,Thr,74.0
Eviota-readerae,Thr,99.5
Eviota-rubriguttata,Thr,77.5
Eviota-rubrisparsa,NThr,69.5
Eviota-spilota,NThr,74.5
Eviota-toshiyuki,NThr,71.5
Evips-percinctus,Thr,100.0
Feia-nota,Thr,84.0
Festucalex-kulbickii,NThr,100.0
Festucalex-prolixus,NThr,100.0
Festucalex-wassi,NThr,100.0
Fibramia-amboinensis,NThr,98.0
Fibramia-thermalis,NThr,100.0
Foa-albimaculosa,NThr,55.0
Foa-hyalina,Thr,61.0
Foa-leisi,Thr,78.0
Foa-madagascariensis,Thr,94.0
Foa-nivosa,Thr,76.0
Fowleria-variegata,NThr,99.0
Fowlerichthys-scriptissimus,NThr,95.5
Fusigobius-longispinus,NThr,100.0
Girella-leonina,NThr,63.0
Girella-tephraeops,Thr,89.0
Girella-tricuspidata,Thr,69.5
Glenoglossa-wassi,Thr,98.5
Gnatholepis-argus,Thr,82.5
Gnatholepis-pascuensis,Thr,100.0
Gnatholepis-yoshinoi,Thr,56.5
Gobiesox-eugrammus,NThr,87.5
Gobiesox-rhessodon,NThr,69.5
Gobiodon-heterospilos,NThr,95.5
Gobiopsis-atrata,Thr,92.0
Gobiopsis-canalis,Thr,58.5
Gobiopsis-namnas,NThr,58.0
Gobiosoma-parri,Thr,100.0
Grahamichthys-radiata,NThr,80.5
Grallenia-arenicola,NThr,75.5
Grallenia-lipi,NThr,55.5
Grammonus-opisthodon,Thr,90.5
Grammonus-thielei,Thr,81.5
Grammonus-waikiki,Thr,98.5
Grammonus-yunokawai,Thr,84.0
Gymnapogon-melanogaster,Thr,60.5
Gymnapogon-urospilotus,NThr,100.0
Gymnocranius-frenatus,NThr,99.0
Gymnothorax-annulatus,NThr,81.0
Gymnothorax-atolli,Thr,88.5
Gymnothorax-bacalladoi,Thr,63.0
Gymnothorax-davidsmithi,Thr,75.5
Gymnothorax-randalli,NThr,51.5
Halichoeres-erdmanni,NThr,100.0
Halichoeres-hilomeni,Thr,100.0
Halichoeres-melas,Thr,100.0
Halichoeres-rubricephalus,NThr,75.5
Halichoeres-sazimai,NThr,55.0
Halidesmus-socotraensis,Thr,95.0
Haliophis-diademus,Thr,89.5
Halophryne-hutchinsi,Thr,68.5
Hapalogenys-merguiensis,Thr,94.0
Hapalogenys-sennin,Thr,100.0
Hazeus-maculipinna,Thr,98.0
Helcogramma-larvata,NThr,64.0
Helcogramma-solorensis,NThr,64.0
Hemerorhinus-heyningi,Thr,92.5
Hemigymnus-sexfasciatus,NThr,75.0
Hemilepidotus-spinosus,Thr,100.0
Hetereleotris-exilis,Thr,51.5
Heterodontus-omanensis,Thr,98.0
Hippocampus-bargibanti,Thr,74.0
Hippocampus-biocellatus,Thr,88.5
Hippocampus-curvicuspis,Thr,90.5
Hippocampus-debelius,Thr,90.0
Hippocampus-pusillus,Thr,92.0
Hippocampus-satomiae,Thr,79.5
Hippocampus-subelongatus,Thr,97.5
Hippocampus-tyro,Thr,95.0
Hippocampus-zebra,Thr,91.0
Histiophryne-psychedelica,NThr,59.5
Hoplolatilus-chlupatyi,NThr,100.0
Hoplolatilus-luteus,NThr,100.0
Hoplolatilus-purpureus,NThr,100.0
Hoplolatilus-randalli,NThr,100.0
Hypoplectrodes-cardinalis,Thr,84.5
Hypoplectrodes-huntii,Thr,94.5
Hypoplectrodes-wilsoni,Thr,99.5
Hyporthodus-septemfasciatus,Thr,96.0
Idiotropiscis-larsonae,Thr,96.5
Iniistius-trivittatus,NThr,54.0
Iso-hawaiiensis,Thr,79.0
Istigobius-hoshinonis,NThr,61.0
Jaydia-argyrogaster,NThr,93.0
Jaydia-carinatus,NThr,87.0
Jaydia-catalai,Thr,83.5
Jaydia-ellioti,NThr,87.5
Jaydia-lineata,NThr,81.5
Jaydia-melanopus,NThr,74.5
Jaydia-novaeguineae,NThr,99.0
Jaydia-photogaster,Thr,61.0
Jaydia-quartus,Thr,87.0
Jaydia-queketti,NThr,63.5
Jaydia-smithi,NThr,98.0
Jaydia-truncata,NThr,99.0
Kelloggella-cardinalis,Thr,65.0
Kochichthys-flavofasciatus,Thr,80.0
Kyphosus-ocyurus,NThr,89.0
Labracinus-atrofasciatus,Thr,91.0
Latropiscis-purpurissatus,Thr,93.0
Leiuranus-versicolor,NThr,62.5
Lepadichthys-springeri,Thr,85.5
Lepidamia-kalosoma,NThr,90.5
Lepidamia-multitaeniata,NThr,88.0
Lepidamia-natalensis,NThr,68.0
Lepidamia-omanensis,Thr,97.5
Limnichthys-polyactis,Thr,76.5
Liocranium-pleurostigma,Thr,67.0
Liopropoma-incomptum,Thr,75.5
Lobulogobius-morrigu,Thr,64.0
Lophiocharon-lithinostomus,NThr,71.5
Lubbockichthys-tanakai,Thr,51.0
Lubricogobius-dinah,NThr,77.0
Lutjanus-bitaeniatus,NThr,99.5
Luzonichthys-taeniatus,Thr,74.0
Lythrypnus-alphigena,Thr,100.0
Lythrypnus-solanensis,Thr,100.0
Manonichthys-alleni,Thr,69.5
Manonichthys-paranox,NThr,53.0
Manonichthys-polynemus,NThr,54.0
Manonichthys-splendens,NThr,71.5
Manonichthys-winterbottomi,Thr,85.5
Maroubra-yasudai,Thr,92.5
Mascarenichthys-heemstrai,Thr,75.5
Maxillicosta-meridianus,Thr,70.5
Meiacanthus-limbatus,Thr,97.0
Meiacanthus-reticulatus,Thr,70.0
Microgadus-proximus,Thr,88.0
Micrognathus-brevicorpus,Thr,92.5
Micrognathus-pygmaeus,NThr,66.0
Minous-usachevi,Thr,79.0
Minyichthys-brachyrhinus,NThr,59.5
Minyichthys-sentus,Thr,72.0
Minysicya-caudimaculata,NThr,91.0
Moringua-hawaiiensis,Thr,79.0
Muraenichthys-philippinensis,Thr,99.5
Mycteroperca-cidi,Thr,95.0
Myersina-adonis,NThr,58.0
Myersina-crocata,NThr,96.5
Myersina-lachneri,Thr,56.5
Myersina-nigrivirgata,NThr,100.0
Myripristis-astakhovi,Thr,95.5
Myripristis-formosa,NThr,80.0
Myripristis-robusta,NThr,99.5
Myxodagnus-belone,Thr,64.5
Nannocampus-weberi,Thr,72.5
Neamia-articycla,NThr,64.0
Neamia-notula,Thr,92.0
Neamia-octospina,NThr,98.5
Nectamia-bandanensis,NThr,98.5
Nectamia-ignitops,Thr,53.5
Nectamia-viria,NThr,93.0
Neenchelys-buitendijki,Thr,99.0
Neoaploactis-tridorsalis,NThr,95.5
Neoglyphidodon-bonang,NThr,95.0
Neomyxus-leuciscus,NThr,98.0
Neosynchiropus-ijimae,NThr,53.5
Nesogobius-greeni,Thr,60.5
Niphon-spinosus,Thr,81.0
Novaculops-koteamea,Thr,99.5
Nudiantennarius-subteres,NThr,65.0
Ocosia-spinosa,Thr,81.0
Ocosia-vespa,NThr,55.5
Odontopyxis-trispinosa,Thr,57.0
Ogilbyina-novaehollandiae,NThr,61.0
Ophichthus-polyophthalmus,NThr,59.5
Ophidion-saldanhai,Thr,86.0
Opistognathus-elizabethensis,Thr,61.0
Oplegnathus-peaolopesi,Thr,90.5
Orectolobus-japonicus,Thr,100.0
Ostorhinchus-angustatus,NThr,97.5
Ostorhinchus-apogonoides,NThr,98.5
Ostorhinchus-aureus,NThr,99.0
Ostorhinchus-brevispinis,NThr,53.0
Ostorhinchus-bryx,NThr,98.5
Ostorhinchus-capricornis,NThr,91.5
Ostorhinchus-cavitensis,NThr,95.5
Ostorhinchus-cheni,NThr,92.0
Ostorhinchus-chrysopomus,NThr,95.0
Ostorhinchus-chrysotaenia,NThr,96.5
Ostorhinchus-cookii,NThr,96.5
Ostorhinchus-cyanosoma,NThr,99.5
Ostorhinchus-dispar,NThr,98.0
Ostorhinchus-diversus,Thr,57.5
Ostorhinchus-doederleini,NThr,93.5
Ostorhinchus-endekataenia,NThr,96.0
Ostorhinchus-fasciatus,NThr,97.5
Ostorhinchus-flavus,NThr,78.5
Ostorhinchus-franssedai,NThr,96.5
Ostorhinchus-fukuii,NThr,74.0
Ostorhinchus-griffini,NThr,51.0
Ostorhinchus-gularis,NThr,93.5
Ostorhinchus-hartzfeldii,NThr,98.0
Ostorhinchus-hoevenii,NThr,96.5
Ostorhinchus-holotaenia,NThr,98.0
Ostorhinchus-jenkinsi,NThr,94.5
Ostorhinchus-kiensis,NThr,95.0
Ostorhinchus-komodoensis,NThr,53.5
Ostorhinchus-leptofasciatus,Thr,63.5
Ostorhinchus-leslie,Thr,87.0
Ostorhinchus-limenus,NThr,55.5
Ostorhinchus-lineomaculatus,NThr,53.0
Ostorhinchus-luteus,NThr,69.5
Ostorhinchus-maculiferus,Thr,69.5
Ostorhinchus-melanoproctus,NThr,93.0
Ostorhinchus-microspilos,Thr,52.0
Ostorhinchus-moluccensis,NThr,95.5
Ostorhinchus-monospilus,NThr,90.0
Ostorhinchus-multilineatus,NThr,86.5
Ostorhinchus-nanus,NThr,94.5
Ostorhinchus-nigrocincta,NThr,62.0
Ostorhinchus-nigrofasciatus,NThr,99.0
Ostorhinchus-norfolcensis,NThr,67.5
Ostorhinchus-novemfasciatus,NThr,93.5
Ostorhinchus-ocellicaudus,NThr,96.5
Ostorhinchus-oxina,NThr,63.5
Ostorhinchus-oxygrammus,Thr,59.5
Ostorhinchus-pallidofasciatus,Thr,64.5
Ostorhinchus-parvulus,NThr,93.0
Ostorhinchus-pleuron,NThr,97.5
Ostorhinchus-properuptus,NThr,96.5
Ostorhinchus-pselion,Thr,63.5
Ostorhinchus-quinquestriatus,Thr,71.0
Ostorhinchus-regula,Thr,58.0
Ostorhinchus-relativus,Thr,53.5
Ostorhinchus-rueppellii,NThr,86.0
Ostorhinchus-schlegeli,NThr,81.5
Ostorhinchus-selas,NThr,95.5
Ostorhinchus-semilineatus,NThr,82.0
Ostorhinchus-septemstriatus,NThr,95.0
Ostorhinchus-sinus,Thr,97.0
Ostorhinchus-spilurus,Thr,57.0
Ostorhinchus-taeniophorus,NThr,99.0
Ostorhinchus-victoriae,Thr,64.5
Oxycercichthys-veliferus,NThr,71.0
Oxymetopon-compressus,NThr,100.0
Oxymetopon-cyanoctenosum,NThr,100.0
Paracentropogon-zonatus,Thr,75.5
Paracirrhites-bicolor,Thr,88.0
Paraclinus-ditrichus,Thr,96.0
Paraconger-macrops,Thr,99.0
Paradiancistrus-acutirostris,Thr,100.0
Paradiancistrus-lombokensis,Thr,99.5
Paragunnellichthys-springeri,Thr,92.5
Parapercis-basimaculata,NThr,63.5
Parapercis-colemani,NThr,100.0
Parapercis-compressa,NThr,71.0
Parapercis-diagonalis,NThr,86.5
Parapercis-diplospilus,NThr,57.0
Parapercis-flavolineata,Thr,70.0
Parapercis-lata,Thr,92.5
Parapercis-natator,NThr,88.5
Parapercis-queenslandica,Thr,50.0
Parapercis-rufa,Thr,74.5
Parapercis-vittafrons,Thr,82.0
Parapercis-xanthogramma,Thr,96.5
Paraplotosus-muelleri,Thr,56.5
Parapriacanthus-dispar,NThr,100.0
Paraxenisthmus-springeri,Thr,74.0
Parazanclistius-hutchinsi,Thr,55.5
Parioglossus-caeruleolineatus,Thr,60.5
Parioglossus-dotui,NThr,92.5
Parioglossus-senoui,Thr,52.0
Parioglossus-verticalis,Thr,100.0
Parma-bicolor,NThr,66.5
Parma-kermadecensis,NThr,66.5
Parupeneus-angulatus,Thr,56.0
Parupeneus-diagonalis,Thr,88.0
Parupeneus-fraserorum,Thr,75.5
Parupeneus-minys,NThr,64.5
Parupeneus-nansen,Thr,98.0
Parupeneus-seychellensis,Thr,98.0
Pascua-caudilinea,Thr,100.0
Pascua-sticta,Thr,100.0
Pectinochromis-lubbocki,NThr,54.5
Pempheris-adspersa,Thr,77.5
Phanerodon-atripes,Thr,100.0
Pholidochromis-marginatus,Thr,69.5
Pictichromis-aurifrons,NThr,56.0
Pictichromis-diadema,NThr,97.5
Pictichromis-dinar,NThr,67.5
Pictichromis-ephippiata,NThr,80.5
Pisodonophis-sangjuensis,Thr,82.0
Plagiogrammus-hopkinsii,Thr,73.5
Plagiotremus-iosodon,Thr,94.5
Platygillellus-smithi,Thr,66.5
Platygobiopsis-akihito,Thr,54.0
Plectorhinchus-macrospilus,Thr,67.0
Plectranthias-altipinnatus,NThr,61.0
Plectranthias-klausewitzi,NThr,65.0
Plectranthias-vexillarius,NThr,51.0
Plectroglyphidodon-flaviventris,NThr,53.5
Plectroglyphidodon-sagmarius,Thr,95.5
Plesiops-malalaxus,Thr,90.5
Pleurosicya-larsonae,Thr,96.0
Pleurosicya-spongicola,NThr,97.5
Pomacentrus-agassizii,Thr,65.5
Pomacentrus-albimaculus,NThr,88.5
Pomacentrus-armillatus,NThr,76.5
Pomacentrus-aurifrons,NThr,92.0
Pomacentrus-auriventris,NThr,100.0
Pomacentrus-bintanensis,Thr,87.5
Pomacentrus-bipunctatus,NThr,53.0
Pomacentrus-cheraphilus,Thr,54.5
Pomacentrus-colini,Thr,83.0
Pomacentrus-cuneatus,NThr,100.0
Pomacentrus-geminospilus,Thr,69.0
Pomacentrus-javanicus,Thr,68.5
Pomacentrus-komodoensis,Thr,88.5
Pomacentrus-limosus,Thr,89.5
Pomacentrus-microspilus,Thr,91.5
Pomacentrus-opisthostigma,NThr,99.5
Pomacentrus-polyspinus,Thr,89.5
Pomacentrus-proteus,Thr,87.0
Pomacentrus-saksonoi,Thr,60.0
Pomacentrus-spilotoceps,Thr,81.5
Pomacentrus-trichrourus,NThr,100.0
Pomacentrus-xanthosternus,NThr,76.0
Pomacentrus-yoshii,Thr,87.0
Pomachromis-exilis,NThr,77.5
Pomadasys-unimaculatus,NThr,97.0
Priacanthus-nasca,Thr,96.5
Priolepis-profunda,NThr,98.0
Priolepis-randalli,NThr,100.0
Pristiapogon-abrogramma,NThr,95.5
Pristiapogon-exostigma,NThr,97.0
Pristiapogon-kallopterus,NThr,99.0
Pristiapogon-taeniopterus,NThr,96.0
Pristicon-rhodopterus,NThr,93.5
Pristicon-rufus,NThr,83.5
Pristicon-trimaculatus,NThr,92.0
Pristotis-cyanostigma,Thr,79.0
Prognathodes-guyotensis,NThr,90.5
Pseudamia-nigra,NThr,65.0
Pseudamia-rubra,Thr,78.0
Pseudamia-tarri,NThr,79.5
Pseudamia-zonata,NThr,87.5
Pseudamiops-diaphanes,NThr,51.0
Pseudanthias-charleneae,NThr,84.0
Pseudanthias-hutomoi,NThr,100.0
Pseudanthias-leucozonus,NThr,65.0
Pseudanthias-sheni,NThr,51.5
Pseudanthias-xanthomaculatus,NThr,51.0
Pseudocheilinus-dispilus,NThr,96.0
Pseudochromis-alticaudex,Thr,62.5
Pseudochromis-andamanensis,NThr,97.5
Pseudochromis-aureolineatus,Thr,85.0
Pseudochromis-aurulentus,Thr,59.5
Pseudochromis-colei,NThr,71.0
Pseudochromis-erdmanni,NThr,62.5
Pseudochromis-kolythrus,Thr,77.5
Pseudochromis-lugubris,Thr,86.5
Pseudochromis-mooii,Thr,83.0
Pseudochromis-omanensis,Thr,97.0
Pseudochromis-perspicillatus,NThr,100.0
Pseudochromis-punctatus,NThr,63.5
Pseudochromis-springeri,NThr,93.5
Pseudochromis-steenei,NThr,82.0
Pseudochromis-tonozukai,Thr,65.0
Pseudochromis-viridis,Thr,95.0
Pseudogramma-erythrea,NThr,58.0
Pseudogramma-megamyctera,Thr,50.0
Pseudojuloides-xanthomos,Thr,91.5
Pseudoplesiops-collare,NThr,81.5
Pseudoplesiops-occidentalis,Thr,82.5
Ptereleotris-arabica,NThr,95.5
Ptereleotris-brachyptera,Thr,51.5
Ptereleotris-crossogenion,Thr,84.5
Pterocaesio-flavifasciata,Thr,76.0
Pterois-andover,NThr,95.0
Rabaulichthys-suzukii,NThr,73.5
Radulinus-asprellus,Thr,90.0
Redigobius-leveri,Thr,76.5
Rhabdamia-spilota,NThr,73.0
Rhamphocottus-richardsonii,Thr,74.5
Rhinopias-cea,Thr,60.5
Rimicola-eigenmanni,NThr,66.0
Ruscarius-creaseri,Thr,70.0
Samariscus-corallinus,NThr,64.0
Sargocentron-marisrubri,NThr,76.0
Sargocentron-shimizui,NThr,63.0
Scarus-obishime,NThr,70.0
Scolecenchelys-chilensis,Thr,99.0
Scolecenchelys-iredalei,NThr,78.0
Scolecenchelys-nicholsae,Thr,88.0
Scolecenchelys-puhioilo,NThr,60.0
Scorpaena-annobonae,Thr,54.5
Scorpaena-brevispina,NThr,87.0
Scorpaena-cocosensis,Thr,77.5
Scorpaena-gasta,Thr,79.0
Scorpaenodes-arenai,Thr,64.5
Scorpaenodes-tribulosus,Thr,50.0
Scorpaenopsis-longispina,NThr,71.5
Scorpaenopsis-obtusa,NThr,66.5
Scorpaenopsis-pluralis,Thr,65.0
Scorpis-violacea,Thr,80.0
Sebastes-lentiginosus,Thr,72.0
Sebastes-melanops,Thr,100.0
Similiparma-hermani,Thr,76.5
Siokunichthys-bentuviai,NThr,62.5
Siokunichthys-nigrolineatus,NThr,94.5
Siokunichthys-striatus,Thr,91.5
Siphamia-corallicola,NThr,91.5
Siphamia-spinicola,NThr,80.5
Siphonogobius-nue,Thr,59.0
Spaniblennius-riodourensis,Thr,66.5
Stalix-flavida,Thr,64.0
Stalix-immaculata,NThr,89.5
Stalix-moenensis,Thr,58.0
Stalix-sheni,NThr,73.0
Stalix-versluysi,NThr,84.0
Starksia-lepidogaster,Thr,100.0
Steeneichthys-nativitatus,NThr,88.5
Stegastes-punctatus,NThr,88.0
Stolephorus-multibranchus,Thr,98.5
Stolephorus-pacificus,Thr,94.5
Stonogobiops-dracula,NThr,57.5
Stonogobiops-medon,Thr,100.0
Stonogobiops-nematodes,NThr,100.0
Stonogobiops-pentafasciata,Thr,99.5
Stonogobiops-yasha,NThr,95.5
Suezichthys-bifurcatus,NThr,91.5
Synchiropus-corallinus,NThr,80.0
Syngnathus-euchrous,Thr,68.5
Synodus-fasciapelvicus,NThr,54.5
Synodus-mascarensis,Thr,71.0
Taeniamia-ataenia,NThr,70.0
Taeniamia-biguttata,NThr,89.5
Taeniamia-bilineata,NThr,52.0
Taeniamia-flavofasciata,NThr,79.5
Taeniamia-fucata,NThr,95.5
Taeniamia-leai,NThr,77.5
Taeniamia-lineolata,NThr,91.0
Taeniamia-macroptera,NThr,94.5
Taeniamia-mozambiquensis,NThr,74.5
Taeniamia-pallida,NThr,54.0
Taeniamia-zosterophora,NThr,92.5
Thalasseleotris-adela,NThr,63.5
Tigrigobius-limbaughi,Thr,90.5
Tomicodon-clarkei,Thr,83.0
Tomicodon-lavettsmithi,Thr,58.0
Tomiyamichthys-alleni,NThr,65.5
Tomiyamichthys-lanceolatus,NThr,100.0
Tomiyamichthys-latruncularius,NThr,97.0
Tomiyamichthys-oni,NThr,100.0
Tomiyamichthys-smithi,NThr,53.5
Tomiyamichthys-tanyspilus,Thr,56.0
Torpedo-peruana,Thr,90.5
Torpedo-sinuspersici,Thr,98.0
Tosanoides-filamentosus,Thr,67.5
Tosanoides-flavofasciatus,Thr,56.5
Trachinotus-anak,Thr,64.5
Trichonotus-arabicus,Thr,79.0
Tryssogobius-longipes,NThr,78.0
Tryssogobius-nigrolineatus,Thr,89.0
Ungusurculus-collettei,Thr,83.5
Ungusurculus-komodoensis,Thr,70.5
Ungusurculus-philippinensis,Thr,82.5
Ungusurculus-riauensis,NThr,51.0
Ungusurculus-sundaensis,NThr,64.0
Ungusurculus-williamsi,Thr,79.5
Upeneichthys-stotti,Thr,89.0
Urolophus-maculatus,Thr,63.0
Uropterygius-genie,Thr,96.5
Uropterygius-golanii,Thr,62.0
Uropterygius-oligospondylus,Thr,64.0
Valenciennea-bella,NThr,100.0
Vanderhorstia-attenuata,Thr,82.5
Vanderhorstia-auronotata,Thr,79.5
Vanderhorstia-bella,Thr,89.5
Vanderhorstia-belloides,NThr,65.0
Vanderhorstia-dorsomacula,NThr,74.5
Vanderhorstia-flavilineata,NThr,70.5
Vanderhorstia-hiramatsui,NThr,88.0
Vanderhorstia-longimanus,Thr,53.0
Vanderhorstia-mertensi,NThr,95.5
Vanderhorstia-phaeosticta,Thr,74.5
Varicus-imswe,NThr,78.0
Verulux-cypselurus,NThr,95.0
Vincentia-conspersa,NThr,52.0
Wetmorella-tanakai,NThr,97.0
Xenisthmus-semicinctus,Thr,80.5
Xenoconger-fryeri,Thr,79.5
Yirrkala-moorei,Thr,53.5
Yirrkala-timorensis,NThr,98.5
Zapogon-isus,NThr,72.0
Zapteryx-exasperata,Thr,92.5
Zenopsis-nebulosa,Thr,79.0
Zephyrichthys-barryi,Thr,99.0
Zoramia-viridiventer,NThr,95.0
